id,reservation
464,108
467,148
458,123
468,143
470,133
460,118
466,103
452,138
456,128
476,103
454,133
450,143
462,113
471,128
472,123
482,138
502,123
497,148
484,133
506,103
488,123
504,113
496,103
490,118
494,108
501,128
492,113
499,138
503,118
486,128
514,133
533,118
520,118
528,143
530,133
516,128
529,138
532,123
524,108
531,128
526,103
535,108
546,128
563,118
561,128
560,133
538,148
565,108
559,138
566,103
557,148
548,123
544,133
550,118
552,113
540,143
556,103
562,123
592,123
587,148
590,133
584,108
578,123
588,143
576,128
570,143
580,118
594,113
586,103
572,138
596,103
595,108
593,118
589,138
